selectivity,ship_mean,ship_median,ship_p99,ship_std,ship_bytes,semi_mean,semi_median,semi_p99,semi_std,semi_bytes,semi_ids_sent_bytes,semi_rows_returned_bytes,failure_count
0.01,4.89982657999999,4.921438849999959,5.129984672000119,0.1898417194002909,8775360.0,4.279789940000091,4.2844102000001385,4.319100372000102,0.03675402559189441,145478.0,58909.0,86569.0,0
0.05,5.011846749999904,5.0061223000000155,5.099894379999773,0.04896684479966415,8767120.0,4.359430690000044,4.353198199999952,4.389928532000126,0.015603542627964805,491751.0,58909.0,432842.0,0
0.1,4.863757020000048,4.965960900000027,4.998584914000244,0.20733085214612948,8756786.0,4.373972189999995,4.392012749999822,4.440541354000252,0.0625062980416494,924611.0,58909.0,865702.0,0
0.25,4.949743910000052,4.9566410499999165,4.997952359000147,0.03310790121388548,8739124.0,4.544725299999982,4.51916755000002,4.792450212000204,0.09334535494598484,2222907.0,58909.0,2163998.0,0
0.5,4.81832930999999,4.951749800000016,5.001203814000073,0.2338336706351969,8711433.0,4.543592069999977,4.64019744999996,4.695086194999903,0.14672174304056085,4386792.0,58909.0,4327883.0,0
0.75,4.938867169999957,4.9425518499999725,4.9978269930001264,0.03904263505011112,8683262.0,4.855817430000025,4.83829854999999,4.943060478000247,0.050172261931994123,6550367.0,58909.0,6491458.0,0
1.0,4.927962929999967,4.922738599999775,4.994510902000289,0.04008926345076906,8655710.0,4.9746759799999385,4.972084150000001,5.051879701000084,0.03561679370022629,8714619.0,58909.0,8655710.0,0
